<?xml version="1.0" ?>
<extension type="plugin" group="system" version="2.5.0" method="upgrade">
    <name>plg_system_rsdirectory</name>
    <creationDate>March 2014</creationDate>
    <author>RSJoomla!</author>
    <copyright>(C) 2013-2014 www.rsjoomla.com</copyright>
    <authorEmail>support@rsjoomla.com</authorEmail>
    <authorUrl>www.rsjoomla.com</authorUrl>
	<license>http://www.gnu.org/copyleft/gpl.html GNU/GPL</license> 
    <version>1.1.3</version>
    <description>PLG_SYSTEM_RSDIRECTORY_XML_DESCRIPTION</description>
    <files>
        <filename plugin="rsdirectory">rsdirectory.php</filename>
        <filename>index.html</filename>
    </files>
    <languages>
        <language tag="en-GB">language/en-GB/en-GB.plg_system_rsdirectory.ini</language>
        <language tag="en-GB">language/en-GB/en-GB.plg_system_rsdirectory.sys.ini</language>
    </languages>
    <params>
    </params>
</extension>