<?xml version="1.0" encoding="utf-8"?>
<extension version="2.5" type="plugin" group="system" method="upgrade">
	<name>plg_system_rsdirectoryimportcsv</name>
	<author>RSJoomla!</author>
	<creationDate>May 2014</creationDate>
	<copyright>(C) 2013-2014 www.rsjoomla.com</copyright>
	<license>GPLv2.0</license>
	<authorEmail>support@rsjoomla.com</authorEmail>
	<authorUrl>www.rsjoomla.com</authorUrl>
	<version>1.0.0</version>
	<description>PLG_SYSTEM_RSDIRECTORYIMPORTCSV_XML_DESCRIPTION</description>
		
	<files>
		<filename plugin="rsdirectoryimportcsv">rsdirectoryimportcsv.php</filename>
		<filename>index.html</filename>
	</files>
		
	<media destination="plg_rsdirectoryimportcsv" folder="media">
		<folder>js</folder>
		<filename>index.html</filename>
    </media>
		
	<languages>
		<language tag="en-GB">language/en-GB/en-GB.plg_system_rsdirectoryimportcsv.ini</language>
		<language tag="en-GB">language/en-GB/en-GB.plg_system_rsdirectoryimportcsv.sys.ini</language>
	</languages>
</extension>