<?xml version="1.0" encoding="utf-8"?>
<extension version="2.5" type="plugin" group="system" method="upgrade">
	<name>plg_system_rsdirectorywiretransfer</name>
	<author>RSJoomla!</author>
	<creationDate>March 2014</creationDate>
	<copyright>(C) 2013-2014 www.rsjoomla.com</copyright>
	<license>GPLv2.0</license>
	<authorEmail>support@rsjoomla.com</authorEmail>
	<authorUrl>www.rsjoomla.com</authorUrl>
	<version>1.1.3</version>
	<description>PLG_SYSTEM_RSDIRECTORYWIRETRANSFER_XML_DESCRIPTION</description>
	<files>
		<filename plugin="rsdirectorywiretransfer">rsdirectorywiretransfer.php</filename>
		<filename>index.html</filename>
	</files>
	<languages>
		<language tag="en-GB">language/en-GB/en-GB.plg_system_rsdirectorywiretransfer.ini</language>
		<language tag="en-GB">language/en-GB/en-GB.plg_system_rsdirectorywiretransfer.sys.ini</language>
	</languages>
		
	<config>
		<fields name="params">
			<fieldset name="basic">
				<field
					name="details"
					type="editor"
					default="&lt;p&gt;&lt;strong&gt;Bank name:&lt;/strong&gt; Your bank name&lt;/p&gt;&lt;p&gt;&lt;strong&gt;Bank Address:&lt;/strong&gt; your bank address&lt;/p&gt;&lt;p&gt;&lt;strong&gt;Bank Account Number:&lt;/strong&gt;&lt;/p&gt;&lt;p&gt;&lt;strong&gt;Swift BIC Number:&lt;/strong&gt; &lt;strong&gt;Beneficiary:&lt;/strong&gt;&lt;/p&gt;"
					label="PLG_SYSTEM_RSDIRECTORYWIRETRANSFER_DETAILS_LABEL"
					filter="JComponentHelper::filterText" />
					
				<field
					name="tax_type"
					type="radio"
					default="0"
					label="PLG_SYSTEM_RSDIRECTORYWIRETRANSFER_TAX_TYPE"
					description="PLG_SYSTEM_RSDIRECTORYWIRETRANSFER_TAX_TYPE_DESC">
					<option value="0">PLG_SYSTEM_RSDIRECTORYWIRETRANSFER_TAX_FIXED</option>
					<option value="1">PLG_SYSTEM_RSDIRECTORYWIRETRANSFER_TAX_PERCENT</option>
				</field>
					
				<field
					type="text"
					name="tax_value"
					default="0"
					value=""
					cols="55"
					rows="10"
					label="PLG_SYSTEM_RSDIRECTORYWIRETRANSFER_TAX_VALUE"
					description="PLG_SYSTEM_RSDIRECTORYWIRETRANSFER_TAX_VALUE_DESC" />
			</fieldset>
		</fields>
	</config>
</extension>